[{"model": "admin.logentry", "pk": 1, "fields": {"action_time": "2025-05-31T19:48:48.043Z", "user": 1, "content_type": 13, "object_id": "2", "object_repr": "bibusiness", "action_flag": 1, "change_message": "[{\"added\": {}}]"}}, {"model": "admin.logentry", "pk": 2, "fields": {"action_time": "2025-05-31T19:49:03.596Z", "user": 1, "content_type": 8, "object_id": "1", "object_repr": "InstitutionProfile object (1)", "action_flag": 1, "change_message": "[{\"added\": {}}]"}}, {"model": "admin.logentry", "pk": 3, "fields": {"action_time": "2025-05-31T19:49:48.497Z", "user": 1, "content_type": 13, "object_id": "3", "object_repr": "uio", "action_flag": 1, "change_message": "[{\"added\": {}}]"}}, {"model": "admin.logentry", "pk": 4, "fields": {"action_time": "2025-05-31T19:49:52.323Z", "user": 1, "content_type": 8, "object_id": "2", "object_repr": "InstitutionProfile object (2)", "action_flag": 1, "change_message": "[{\"added\": {}}]"}}, {"model": "admin.logentry", "pk": 5, "fields": {"action_time": "2025-05-31T19:50:23.685Z", "user": 1, "content_type": 13, "object_id": "4", "object_repr": "elenalaw", "action_flag": 1, "change_message": "[{\"added\": {}}]"}}, {"model": "admin.logentry", "pk": 6, "fields": {"action_time": "2025-05-31T19:51:05.629Z", "user": 1, "content_type": 8, "object_id": "3", "object_repr": "InstitutionProfile object (3)", "action_flag": 1, "change_message": "[{\"added\": {}}]"}}, {"model": "admin.logentry", "pk": 7, "fields": {"action_time": "2025-05-31T19:53:17.941Z", "user": 1, "content_type": 6, "object_id": "1", "object_repr": "Category object (1)", "action_flag": 1, "change_message": "[{\"added\": {}}]"}}, {"model": "admin.logentry", "pk": 8, "fields": {"action_time": "2025-05-31T19:53:20.127Z", "user": 1, "content_type": 6, "object_id": "2", "object_repr": "Category object (2)", "action_flag": 1, "change_message": "[{\"added\": {}}]"}}, {"model": "admin.logentry", "pk": 9, "fields": {"action_time": "2025-05-31T19:53:22.313Z", "user": 1, "content_type": 6, "object_id": "3", "object_repr": "Category object (3)", "action_flag": 1, "change_message": "[{\"added\": {}}]"}}, {"model": "admin.logentry", "pk": 10, "fields": {"action_time": "2025-05-31T19:53:24.240Z", "user": 1, "content_type": 6, "object_id": "4", "object_repr": "Category object (4)", "action_flag": 1, "change_message": "[{\"added\": {}}]"}}, {"model": "admin.logentry", "pk": 11, "fields": {"action_time": "2025-05-31T19:53:26.059Z", "user": 1, "content_type": 6, "object_id": "5", "object_repr": "Category object (5)", "action_flag": 1, "change_message": "[{\"added\": {}}]"}}, {"model": "admin.logentry", "pk": 12, "fields": {"action_time": "2025-05-31T19:53:28.018Z", "user": 1, "content_type": 6, "object_id": "6", "object_repr": "Category object (6)", "action_flag": 1, "change_message": "[{\"added\": {}}]"}}, {"model": "admin.logentry", "pk": 13, "fields": {"action_time": "2025-05-31T19:53:30.317Z", "user": 1, "content_type": 6, "object_id": "7", "object_repr": "Category object (7)", "action_flag": 1, "change_message": "[{\"added\": {}}]"}}, {"model": "admin.logentry", "pk": 14, "fields": {"action_time": "2025-05-31T20:34:33.532Z", "user": 1, "content_type": 13, "object_id": "1", "object_repr": "yoyohuhu", "action_flag": 2, "change_message": "[{\"changed\": {\"fields\": [\"Username\", \"Email address\", \"Account type\"]}}]"}}, {"model": "admin.logentry", "pk": 15, "fields": {"action_time": "2025-05-31T20:36:03.609Z", "user": 1, "content_type": 13, "object_id": "4", "object_repr": "yoyolaw", "action_flag": 2, "change_message": "[{\"changed\": {\"fields\": [\"Username\", \"First name\", \"Last name\"]}}]"}}, {"model": "admin.logentry", "pk": 16, "fields": {"action_time": "2025-05-31T20:37:09.258Z", "user": 1, "content_type": 13, "object_id": "11", "object_repr": "hillary", "action_flag": 2, "change_message": "[{\"changed\": {\"fields\": [\"Username\", \"First name\", \"Last name\", \"Email address\"]}}]"}}, {"model": "admin.logentry", "pk": 17, "fields": {"action_time": "2025-05-31T20:39:46.960Z", "user": 1, "content_type": 11, "object_id": "9", "object_repr": "Answer object (9)", "action_flag": 2, "change_message": "[{\"changed\": {\"fields\": [\"Content\"]}}]"}}, {"model": "auth.permission", "pk": 1, "fields": {"name": "Can add log entry", "content_type": 1, "codename": "add_logentry"}}, {"model": "auth.permission", "pk": 2, "fields": {"name": "Can change log entry", "content_type": 1, "codename": "change_logentry"}}, {"model": "auth.permission", "pk": 3, "fields": {"name": "Can delete log entry", "content_type": 1, "codename": "delete_logentry"}}, {"model": "auth.permission", "pk": 4, "fields": {"name": "Can view log entry", "content_type": 1, "codename": "view_logentry"}}, {"model": "auth.permission", "pk": 5, "fields": {"name": "Can add permission", "content_type": 2, "codename": "add_permission"}}, {"model": "auth.permission", "pk": 6, "fields": {"name": "Can change permission", "content_type": 2, "codename": "change_permission"}}, {"model": "auth.permission", "pk": 7, "fields": {"name": "Can delete permission", "content_type": 2, "codename": "delete_permission"}}, {"model": "auth.permission", "pk": 8, "fields": {"name": "Can view permission", "content_type": 2, "codename": "view_permission"}}, {"model": "auth.permission", "pk": 9, "fields": {"name": "Can add group", "content_type": 3, "codename": "add_group"}}, {"model": "auth.permission", "pk": 10, "fields": {"name": "Can change group", "content_type": 3, "codename": "change_group"}}, {"model": "auth.permission", "pk": 11, "fields": {"name": "Can delete group", "content_type": 3, "codename": "delete_group"}}, {"model": "auth.permission", "pk": 12, "fields": {"name": "Can view group", "content_type": 3, "codename": "view_group"}}, {"model": "auth.permission", "pk": 13, "fields": {"name": "Can add content type", "content_type": 4, "codename": "add_contenttype"}}, {"model": "auth.permission", "pk": 14, "fields": {"name": "Can change content type", "content_type": 4, "codename": "change_contenttype"}}, {"model": "auth.permission", "pk": 15, "fields": {"name": "Can delete content type", "content_type": 4, "codename": "delete_contenttype"}}, {"model": "auth.permission", "pk": 16, "fields": {"name": "Can view content type", "content_type": 4, "codename": "view_contenttype"}}, {"model": "auth.permission", "pk": 17, "fields": {"name": "Can add session", "content_type": 5, "codename": "add_session"}}, {"model": "auth.permission", "pk": 18, "fields": {"name": "Can change session", "content_type": 5, "codename": "change_session"}}, {"model": "auth.permission", "pk": 19, "fields": {"name": "Can delete session", "content_type": 5, "codename": "delete_session"}}, {"model": "auth.permission", "pk": 20, "fields": {"name": "Can view session", "content_type": 5, "codename": "view_session"}}, {"model": "auth.permission", "pk": 21, "fields": {"name": "Can add category", "content_type": 6, "codename": "add_category"}}, {"model": "auth.permission", "pk": 22, "fields": {"name": "Can change category", "content_type": 6, "codename": "change_category"}}, {"model": "auth.permission", "pk": 23, "fields": {"name": "Can delete category", "content_type": 6, "codename": "delete_category"}}, {"model": "auth.permission", "pk": 24, "fields": {"name": "Can view category", "content_type": 6, "codename": "view_category"}}, {"model": "auth.permission", "pk": 25, "fields": {"name": "Can add professional profile", "content_type": 7, "codename": "add_professionalprofile"}}, {"model": "auth.permission", "pk": 26, "fields": {"name": "Can change professional profile", "content_type": 7, "codename": "change_professionalprofile"}}, {"model": "auth.permission", "pk": 27, "fields": {"name": "Can delete professional profile", "content_type": 7, "codename": "delete_professionalprofile"}}, {"model": "auth.permission", "pk": 28, "fields": {"name": "Can view professional profile", "content_type": 7, "codename": "view_professionalprofile"}}, {"model": "auth.permission", "pk": 29, "fields": {"name": "Can add institution profile", "content_type": 8, "codename": "add_institutionprofile"}}, {"model": "auth.permission", "pk": 30, "fields": {"name": "Can change institution profile", "content_type": 8, "codename": "change_institutionprofile"}}, {"model": "auth.permission", "pk": 31, "fields": {"name": "Can delete institution profile", "content_type": 8, "codename": "delete_institutionprofile"}}, {"model": "auth.permission", "pk": 32, "fields": {"name": "Can view institution profile", "content_type": 8, "codename": "view_institutionprofile"}}, {"model": "auth.permission", "pk": 33, "fields": {"name": "Can add user profile", "content_type": 9, "codename": "add_userprofile"}}, {"model": "auth.permission", "pk": 34, "fields": {"name": "Can change user profile", "content_type": 9, "codename": "change_userprofile"}}, {"model": "auth.permission", "pk": 35, "fields": {"name": "Can delete user profile", "content_type": 9, "codename": "delete_userprofile"}}, {"model": "auth.permission", "pk": 36, "fields": {"name": "Can view user profile", "content_type": 9, "codename": "view_userprofile"}}, {"model": "auth.permission", "pk": 37, "fields": {"name": "Can add post", "content_type": 10, "codename": "add_post"}}, {"model": "auth.permission", "pk": 38, "fields": {"name": "Can change post", "content_type": 10, "codename": "change_post"}}, {"model": "auth.permission", "pk": 39, "fields": {"name": "Can delete post", "content_type": 10, "codename": "delete_post"}}, {"model": "auth.permission", "pk": 40, "fields": {"name": "Can view post", "content_type": 10, "codename": "view_post"}}, {"model": "auth.permission", "pk": 41, "fields": {"name": "Can add answer", "content_type": 11, "codename": "add_answer"}}, {"model": "auth.permission", "pk": 42, "fields": {"name": "Can change answer", "content_type": 11, "codename": "change_answer"}}, {"model": "auth.permission", "pk": 43, "fields": {"name": "Can delete answer", "content_type": 11, "codename": "delete_answer"}}, {"model": "auth.permission", "pk": 44, "fields": {"name": "Can view answer", "content_type": 11, "codename": "view_answer"}}, {"model": "auth.permission", "pk": 45, "fields": {"name": "Can add rating", "content_type": 12, "codename": "add_rating"}}, {"model": "auth.permission", "pk": 46, "fields": {"name": "Can change rating", "content_type": 12, "codename": "change_rating"}}, {"model": "auth.permission", "pk": 47, "fields": {"name": "Can delete rating", "content_type": 12, "codename": "delete_rating"}}, {"model": "auth.permission", "pk": 48, "fields": {"name": "Can view rating", "content_type": 12, "codename": "view_rating"}}, {"model": "auth.permission", "pk": 49, "fields": {"name": "Can add user", "content_type": 13, "codename": "add_user"}}, {"model": "auth.permission", "pk": 50, "fields": {"name": "Can change user", "content_type": 13, "codename": "change_user"}}, {"model": "auth.permission", "pk": 51, "fields": {"name": "Can delete user", "content_type": 13, "codename": "delete_user"}}, {"model": "auth.permission", "pk": 52, "fields": {"name": "Can view user", "content_type": 13, "codename": "view_user"}}, {"model": "contenttypes.contenttype", "pk": 1, "fields": {"app_label": "admin", "model": "logentry"}}, {"model": "contenttypes.contenttype", "pk": 2, "fields": {"app_label": "auth", "model": "permission"}}, {"model": "contenttypes.contenttype", "pk": 3, "fields": {"app_label": "auth", "model": "group"}}, {"model": "contenttypes.contenttype", "pk": 4, "fields": {"app_label": "contenttypes", "model": "contenttype"}}, {"model": "contenttypes.contenttype", "pk": 5, "fields": {"app_label": "sessions", "model": "session"}}, {"model": "contenttypes.contenttype", "pk": 6, "fields": {"app_label": "search", "model": "category"}}, {"model": "contenttypes.contenttype", "pk": 7, "fields": {"app_label": "profile_page", "model": "professionalprofile"}}, {"model": "contenttypes.contenttype", "pk": 8, "fields": {"app_label": "profile_page", "model": "institutionprofile"}}, {"model": "contenttypes.contenttype", "pk": 9, "fields": {"app_label": "profile_page", "model": "userprofile"}}, {"model": "contenttypes.contenttype", "pk": 10, "fields": {"app_label": "post", "model": "post"}}, {"model": "contenttypes.contenttype", "pk": 11, "fields": {"app_label": "post", "model": "answer"}}, {"model": "contenttypes.contenttype", "pk": 12, "fields": {"app_label": "post", "model": "rating"}}, {"model": "contenttypes.contenttype", "pk": 13, "fields": {"app_label": "accounts", "model": "user"}}, {"model": "search.category", "pk": 1, "fields": {"name": "Children"}}, {"model": "search.category", "pk": 2, "fields": {"name": "Crime"}}, {"model": "search.category", "pk": 3, "fields": {"name": "Discrimination"}}, {"model": "search.category", "pk": 4, "fields": {"name": "Intellectual Property"}}, {"model": "search.category", "pk": 5, "fields": {"name": "Police"}}, {"model": "search.category", "pk": 6, "fields": {"name": "School"}}, {"model": "search.category", "pk": 7, "fields": {"name": "Tax"}}, {"model": "profile_page.userprofile", "pk": 1, "fields": {"user": 5}}, {"model": "profile_page.userprofile", "pk": 2, "fields": {"user": 6}}, {"model": "profile_page.userprofile", "pk": 3, "fields": {"user": 10}}, {"model": "profile_page.professionalprofile", "pk": 1, "fields": {"user": 7, "specializations": [5, 6]}}, {"model": "profile_page.professionalprofile", "pk": 2, "fields": {"user": 8, "specializations": [1, 2]}}, {"model": "profile_page.professionalprofile", "pk": 3, "fields": {"user": 9, "specializations": [4, 6]}}, {"model": "profile_page.professionalprofile", "pk": 4, "fields": {"user": 11, "specializations": [1, 2, 3, 4, 5, 6, 7]}}, {"model": "profile_page.institutionprofile", "pk": 1, "fields": {"user": 2, "professionals": [3]}}, {"model": "profile_page.institutionprofile", "pk": 2, "fields": {"user": 3, "professionals": [1, 2]}}, {"model": "profile_page.institutionprofile", "pk": 3, "fields": {"user": 4, "professionals": [4]}}, {"model": "post.post", "pk": 1, "fields": {"title": "Is it illegal to not pay your taxes?", "content": "I hate paying taxes, so can i go to joil for not paying them???", "time_posted": "2025-05-31T19:54:14.954Z", "author": 1, "categories": [7]}}, {"model": "post.post", "pk": 2, "fields": {"title": "Skatteetaten found out...", "content": "Hi everyone, Skatteetaten found out I stopped paying my taxes... They are now suing me. What can I do?", "time_posted": "2025-05-31T19:55:18.582Z", "author": 1, "categories": [3, 7]}}, {"model": "post.post", "pk": 3, "fields": {"title": "Is it illegal to be your own child?", "content": "Hi, I have a question... I don't know is it a stupid question or no, but is it legal or illegal to be your own child? I was thinking of giving birth to myself, but to me the law is not so clear on this issue.", "time_posted": "2025-05-31T19:57:27.841Z", "author": 2, "categories": [1]}}, {"model": "post.post", "pk": 4, "fields": {"title": "At like which time of the day is it kinda the most legal to like rob someone?", "content": "Hello, I am kinda like broke and was kinda thinking like if I should like rob someone on the street kinda????\r\n\r\nBut I like hear it's kinda like illegal, so at what like time of the day is it kinda more legal? I can like get away with it at like 13:00, I kinda think???", "time_posted": "2025-05-31T20:17:17.552Z", "author": 3, "categories": [2]}}, {"model": "post.answer", "pk": 1, "fields": {"title": "No joil for you", "content": "No, it is perfectly legal not to pay your taxes! Remember, this is a free country and you can do what you want. It says so in the grunnloven paragraph 176583 letter x. It says \"The Skatteetaten shall never be forcing you to pay tax\". I have recommend this to many clients.", "time_posted": "2025-05-31T20:01:47.362Z", "post": 1, "author": 1, "last_updated": "2025-05-31T20:01:47.362Z"}}, {"model": "post.answer", "pk": 2, "fields": {"title": "Don't listen to my brother!", "content": "My brother Paul has no idea what is he talking about. I don't even know why UiO gave him a professor position. You will ABSOLUTELY go to jail (not joil) for not paying your taxes. There is no need to refer to law.", "time_posted": "2025-05-31T20:03:45.275Z", "post": 1, "author": 2, "last_updated": "2025-05-31T20:03:45.275Z"}}, {"model": "post.answer", "pk": 3, "fields": {"title": "Sigh...", "content": "This is why you shall never listen to my brother! You will need to pay your taxes, and maybe also late fees.\r\n\r\nYou may however be able to avoid jail (again, not joil). You will need a good lawyer, it could be argued that you received poor legal advice from lawyer (my brother). Contact me and I can help you.", "time_posted": "2025-05-31T20:06:21.837Z", "post": 2, "author": 2, "last_updated": "2025-05-31T20:06:21.837Z"}}, {"model": "post.answer", "pk": 4, "fields": {"title": "Paula is just jealous!", "content": "She is just jealous that I am a professor and she is only an associate professor! She is the one who should be in joil!", "time_posted": "2025-05-31T20:08:10.842Z", "post": 2, "author": 1, "last_updated": "2025-05-31T20:08:10.842Z"}}, {"model": "post.answer", "pk": 5, "fields": {"title": "That's illegal", "content": "I have dealt with numerous cases where this is the case. It always ends up with jailtime.\r\n\r\nYou better not try it, it's strictly illegal.", "time_posted": "2025-05-31T20:09:15.552Z", "post": 3, "author": 1, "last_updated": "2025-05-31T20:09:15.552Z"}}, {"model": "post.answer", "pk": 6, "fields": {"title": "Shut up, Paul!", "content": "Paul, it is spelled \"jail\"...", "time_posted": "2025-05-31T20:10:29.265Z", "post": 2, "author": 2, "last_updated": "2025-05-31T20:10:29.265Z"}}, {"model": "post.answer", "pk": 7, "fields": {"title": "It is always illegal", "content": "I don't know if this is a joke, but it is always illegal to rob someone. It does not depend on the time of the day.\r\n\r\nDon't do it.", "time_posted": "2025-05-31T20:18:14.271Z", "post": 4, "author": 3, "last_updated": "2025-05-31T20:18:14.271Z"}}, {"model": "post.answer", "pk": 8, "fields": {"title": "Don't trust Jan!", "content": "Jan is a fake lawyer, listen to me instead!\r\n\r\nYou are totally correct, 13:00 is generally considered fine, but if you do it at 17:00 then you will end up in joil.", "time_posted": "2025-05-31T20:20:00.834Z", "post": 4, "author": 1, "last_updated": "2025-05-31T20:20:00.835Z"}}, {"model": "post.answer", "pk": 9, "fields": {"title": "The law does not regulate impossible scenarios", "content": "You would have to define what it means to \"give birth to yourself\", as I cannot relate it to any meaningful concept that is regulated by law.\r\n\r\nBecause what you are describing is likely impossible, there is no law to regulate it.\r\n\r\nSincerely,\r\nYoyohuhu", "time_posted": "2025-05-31T20:29:44.597Z", "post": 3, "author": 4, "last_updated": "2025-05-31T20:39:46.958Z"}}, {"model": "post.rating", "pk": 1, "fields": {"answer": 2, "professional": 2, "value": 1}}, {"model": "post.rating", "pk": 2, "fields": {"answer": 7, "professional": 3, "value": 1}}, {"model": "post.rating", "pk": 3, "fields": {"answer": 7, "professional": 1, "value": 1}}, {"model": "post.rating", "pk": 4, "fields": {"answer": 7, "professional": 2, "value": 1}}, {"model": "post.rating", "pk": 5, "fields": {"answer": 7, "professional": 4, "value": 1}}, {"model": "post.rating", "pk": 6, "fields": {"answer": 9, "professional": 4, "value": 1}}, {"model": "accounts.user", "pk": 1, "fields": {"password": "pbkdf2_sha256$720000$akM3mIklLXnbKi1xP0CDDB$G2n53GqiiSoupcE1bXQ5d6Vv3KIpzzqeyh8nOAUBLh0=", "last_login": "2025-05-31T20:40:39.530Z", "is_superuser": true, "username": "yoyohuhu", "first_name": "", "last_name": "", "email": "yoyohuhu@gmail.com", "is_staff": true, "is_active": true, "date_joined": "2025-05-31T19:47:45Z", "account_type": "user", "groups": [], "user_permissions": []}}, {"model": "accounts.user", "pk": 2, "fields": {"password": "pbkdf2_sha256$720000$FDtVeF7tGJLzJjbEOyWlBw$Q/9x+roG9ih7Q3lpQkiX/sRP1exobFRyutulkX2i/bc=", "last_login": "2025-05-31T20:11:15.541Z", "is_superuser": false, "username": "bibusiness", "first_name": "Handelshøyskolen BI", "last_name": "STIFTELSEN HANDELSHØYSKOLEN BI", "email": "", "is_staff": false, "is_active": true, "date_joined": "2025-05-31T19:48:47.755Z", "account_type": "institution", "groups": [], "user_permissions": []}}, {"model": "accounts.user", "pk": 3, "fields": {"password": "pbkdf2_sha256$720000$7TTFFuXQqVwEKUkJ2tEQeK$mPzBZkAW1zvyDjO3IEJBKplAm4OV+maQzOg7HR0fLbw=", "last_login": "2025-05-31T19:58:45.987Z", "is_superuser": false, "username": "uio", "first_name": "Universitetet i Oslo", "last_name": "UNIVERSITETET I OSLO", "email": "", "is_staff": false, "is_active": true, "date_joined": "2025-05-31T19:49:48.217Z", "account_type": "institution", "groups": [], "user_permissions": []}}, {"model": "accounts.user", "pk": 4, "fields": {"password": "pbkdf2_sha256$720000$uBevBqdWzDI01Ye0SJ9vX8$ZM3pgv0axKsgnAwKuWsg/ZstjzUbJL51cCUOMSM3iKM=", "last_login": "2025-05-31T20:20:28Z", "is_superuser": false, "username": "yoyolaw", "first_name": "Yoyo Law", "last_name": "YOYO LAW ASA", "email": "", "is_staff": false, "is_active": true, "date_joined": "2025-05-31T19:50:23Z", "account_type": "institution", "groups": [], "user_permissions": []}}, {"model": "accounts.user", "pk": 5, "fields": {"password": "pbkdf2_sha256$720000$RRnPlu4G7XPMzLIEEZPy3B$/Cgfy7D6+sMTJz9bJ56h/WNE0WYK3blFMbj2Z2/MlOs=", "last_login": "2025-05-31T19:53:42.911Z", "is_superuser": false, "username": "potatorice", "first_name": "Potato", "last_name": "Riceson", "email": "potato@rice.tw", "is_staff": false, "is_active": true, "date_joined": "2025-05-31T19:52:01.202Z", "account_type": "user", "groups": [], "user_permissions": []}}, {"model": "accounts.user", "pk": 6, "fields": {"password": "pbkdf2_sha256$720000$IXjlZnxcoeHGzYHgZW08Tk$31Qe+O80GlIwGAsgvKS125+biOb2mYQxR/BkaKko9as=", "last_login": "2025-05-31T19:56:09.063Z", "is_superuser": false, "username": "tigerhu", "first_name": "Lily", "last_name": "Hu", "email": "tiger@hu.com", "is_staff": false, "is_active": true, "date_joined": "2025-05-31T19:56:02.548Z", "account_type": "user", "groups": [], "user_permissions": []}}, {"model": "accounts.user", "pk": 7, "fields": {"password": "pbkdf2_sha256$720000$MFSfcvv1QsmDGq6irArH90$nUtMx6RcPwfL3NX5tx8JZAMXL5VsBRy7fmw+0nGFGrk=", "last_login": "2025-05-31T20:18:31.033Z", "is_superuser": false, "username": "paul", "first_name": "Paul", "last_name": "Lawson", "email": "paul@uio.no", "is_staff": false, "is_active": true, "date_joined": "2025-05-31T19:59:34.695Z", "account_type": "professional", "groups": [], "user_permissions": []}}, {"model": "accounts.user", "pk": 8, "fields": {"password": "pbkdf2_sha256$720000$tdKpVnFXS1Q1NJ7GQtlTKJ$l40EQ5hwNXFcIOeWSFb5+t7EjjY7MHXKO4Ex0Me2kyw=", "last_login": "2025-05-31T20:20:17.437Z", "is_superuser": false, "username": "paula", "first_name": "Paula", "last_name": "Lawson", "email": "paula@uio.no", "is_staff": false, "is_active": true, "date_joined": "2025-05-31T19:59:56.247Z", "account_type": "professional", "groups": [], "user_permissions": []}}, {"model": "accounts.user", "pk": 9, "fields": {"password": "pbkdf2_sha256$720000$NIQMk7VOIThNs3mx5noMU4$iX8UFqaww5+fIecWhjBRJ+3vqWYcTuwo+TLjS1dAzEQ=", "last_login": "2025-05-31T20:17:27.787Z", "is_superuser": false, "username": "jank", "first_name": "Jan", "last_name": "Kudlicka", "email": "jank@bi.no", "is_staff": false, "is_active": true, "date_joined": "2025-05-31T20:12:27.027Z", "account_type": "professional", "groups": [], "user_permissions": []}}, {"model": "accounts.user", "pk": 10, "fields": {"password": "pbkdf2_sha256$720000$eEw4jjgzJU57294RhxonWK$G5yApnGtn0Impd6vByzRGXgEvrRTlmySVGF06jWTfmE=", "last_login": "2025-05-31T20:14:06.828Z", "is_superuser": false, "username": "chickenrice", "first_name": "Emilia", "last_name": "Hansen", "email": "chicken@rice.tw", "is_staff": false, "is_active": true, "date_joined": "2025-05-31T20:14:00.853Z", "account_type": "user", "groups": [], "user_permissions": []}}, {"model": "accounts.user", "pk": 11, "fields": {"password": "pbkdf2_sha256$720000$eJs6fqo6rscawa6yVYrSv4$EbodVfyyGIC164Cvh1LH+Ut4JbrfQ61+psF9pPdrIPQ=", "last_login": "2025-05-31T20:27:55Z", "is_superuser": false, "username": "hillary", "first_name": "Hillary", "last_name": "Boston", "email": "hillary@boston.pl", "is_staff": false, "is_active": true, "date_joined": "2025-05-31T20:21:17Z", "account_type": "professional", "groups": [], "user_permissions": []}}]